video_name,tag
fi101_xvid.avi,violence
fi102_xvid.avi,violence
fi103_xvid.avi,violence
fi104_xvid.avi,violence
fi105_xvid.avi,violence
fi106_xvid.avi,violence
fi107_xvid.avi,violence
fi108_xvid.avi,violence
fi109_xvid.avi,violence
fi110_xvid.avi,violence
fi111_xvid.avi,violence
fi112_xvid.avi,violence
fi113_xvid.avi,violence
fi114_xvid.avi,violence
fi115_xvid.avi,violence
fi116_xvid.avi,violence
fi117_xvid.avi,violence
fi118_xvid.avi,violence
fi119_xvid.avi,violence
fi120_xvid.avi,violence
fi121_xvid.avi,violence
fi122_xvid.avi,violence
fi123_xvid.avi,violence
fi124_xvid.avi,violence
fi125_xvid.avi,violence
fi126_xvid.avi,violence
fi127_xvid.avi,violence
fi128_xvid.avi,violence
fi129_xvid.avi,violence
fi130_xvid.avi,violence
fi131_xvid.avi,violence
fi132_xvid.avi,violence
fi133_xvid.avi,violence
fi134_xvid.avi,violence
fi135_xvid.avi,violence
fi136_xvid.avi,violence
fi137_xvid.avi,violence
fi138_xvid.avi,violence
fi139_xvid.avi,violence
fi140_xvid.avi,violence
fi141_xvid.avi,violence
fi142_xvid.avi,violence
fi143_xvid.avi,violence
fi144_xvid.avi,violence
fi145_xvid.avi,violence
fi146_xvid.avi,violence
fi147_xvid.avi,violence
fi148_xvid.avi,violence
fi149_xvid.avi,violence
fi150_xvid.avi,violence
fi151_xvid.avi,violence
fi152_xvid.avi,violence
fi153_xvid.avi,violence
fi154_xvid.avi,violence
fi155_xvid.avi,violence
fi156_xvid.avi,violence
fi157_xvid.avi,violence
fi158_xvid.avi,violence
fi159_xvid.avi,violence
fi160_xvid.avi,violence
fi161_xvid.avi,violence
fi162_xvid.avi,violence
fi163_xvid.avi,violence
fi164_xvid.avi,violence
fi165_xvid.avi,violence
fi166_xvid.avi,violence
fi167_xvid.avi,violence
fi168_xvid.avi,violence
fi169_xvid.avi,violence
fi170_xvid.avi,violence
fi171_xvid.avi,violence
fi172_xvid.avi,violence
fi173_xvid.avi,violence
fi174_xvid.avi,violence
fi175_xvid.avi,violence
fi176_xvid.avi,violence
fi177_xvid.avi,violence
fi178_xvid.avi,violence
fi179_xvid.avi,violence
fi180_xvid.avi,violence
fi181_xvid.avi,violence
fi182_xvid.avi,violence
fi183_xvid.avi,violence
fi184_xvid.avi,violence
fi185_xvid.avi,violence
fi186_xvid.avi,violence
fi187_xvid.avi,violence
fi188_xvid.avi,violence
fi189_xvid.avi,violence
fi190_xvid.avi,violence
fi191_xvid.avi,violence
fi192_xvid.avi,violence
fi193_xvid.avi,violence
fi194_xvid.avi,violence
fi195_xvid.avi,violence
fi196_xvid.avi,violence
fi197_xvid.avi,violence
fi198_xvid.avi,violence
fi199_xvid.avi,violence
fi200_xvid.avi,violence
fi201_xvid.avi,violence
fi202_xvid.avi,violence
fi203_xvid.avi,violence
fi204_xvid.avi,violence
fi205_xvid.avi,violence
fi206_xvid.avi,violence
fi207_xvid.avi,violence
fi208_xvid.avi,violence
fi209_xvid.avi,violence
fi210_xvid.avi,violence
fi211_xvid.avi,violence
fi212_xvid.avi,violence
fi213_xvid.avi,violence
fi214_xvid.avi,violence
fi215_xvid.avi,violence
fi216_xvid.avi,violence
fi217_xvid.avi,violence
fi218_xvid.avi,violence
fi219_xvid.avi,violence
fi220_xvid.avi,violence
fi221_xvid.avi,violence
fi222_xvid.avi,violence
fi223_xvid.avi,violence
fi224_xvid.avi,violence
fi225_xvid.avi,violence
fi226_xvid.avi,violence
fi227_xvid.avi,violence
fi228_xvid.avi,violence
fi229_xvid.avi,violence
fi230_xvid.avi,violence
fi231_xvid.avi,violence
fi232_xvid.avi,violence
fi233_xvid.avi,violence
fi234_xvid.avi,violence
fi235_xvid.avi,violence
fi236_xvid.avi,violence
fi237_xvid.avi,violence
fi238_xvid.avi,violence
fi239_xvid.avi,violence
fi240_xvid.avi,violence
fi241_xvid.avi,violence
fi242_xvid.avi,violence
fi243_xvid.avi,violence
fi244_xvid.avi,violence
fi245_xvid.avi,violence
fi246_xvid.avi,violence
fi247_xvid.avi,violence
fi248_xvid.avi,violence
fi249_xvid.avi,violence
fi250_xvid.avi,violence
fi251_xvid.avi,violence
fi252_xvid.avi,violence
fi253_xvid.avi,violence
fi254_xvid.avi,violence
fi255_xvid.avi,violence
fi256_xvid.avi,violence
fi257_xvid.avi,violence
fi258_xvid.avi,violence
fi259_xvid.avi,violence
fi260_xvid.avi,violence
fi261_xvid.avi,violence
fi262_xvid.avi,violence
fi263_xvid.avi,violence
fi264_xvid.avi,violence
fi265_xvid.avi,violence
fi266_xvid.avi,violence
fi267_xvid.avi,violence
fi268_xvid.avi,violence
fi269_xvid.avi,violence
fi270_xvid.avi,violence
fi271_xvid.avi,violence
fi272_xvid.avi,violence
fi273_xvid.avi,violence
fi274_xvid.avi,violence
fi275_xvid.avi,violence
fi276_xvid.avi,violence
fi277_xvid.avi,violence
fi278_xvid.avi,violence
fi279_xvid.avi,violence
fi280_xvid.avi,violence
fi281_xvid.avi,violence
fi282_xvid.avi,violence
fi283_xvid.avi,violence
fi284_xvid.avi,violence
fi285_xvid.avi,violence
fi286_xvid.avi,violence
fi287_xvid.avi,violence
fi288_xvid.avi,violence
fi289_xvid.avi,violence
fi290_xvid.avi,violence
fi291_xvid.avi,violence
fi292_xvid.avi,violence
fi293_xvid.avi,violence
fi294_xvid.avi,violence
fi295_xvid.avi,violence
fi296_xvid.avi,violence
fi297_xvid.avi,violence
fi298_xvid.avi,violence
fi299_xvid.avi,violence
fi300_xvid.avi,violence
fi301_xvid.avi,violence
fi302_xvid.avi,violence
fi303_xvid.avi,violence
fi304_xvid.avi,violence
fi305_xvid.avi,violence
fi306_xvid.avi,violence
fi307_xvid.avi,violence
fi308_xvid.avi,violence
fi309_xvid.avi,violence
fi310_xvid.avi,violence
fi311_xvid.avi,violence
fi312_xvid.avi,violence
fi313_xvid.avi,violence
fi314_xvid.avi,violence
fi315_xvid.avi,violence
fi316_xvid.avi,violence
fi317_xvid.avi,violence
fi318_xvid.avi,violence
fi319_xvid.avi,violence
fi320_xvid.avi,violence
fi321_xvid.avi,violence
fi322_xvid.avi,violence
fi323_xvid.avi,violence
fi324_xvid.avi,violence
fi325_xvid.avi,violence
fi326_xvid.avi,violence
fi327_xvid.avi,violence
fi328_xvid.avi,violence
fi329_xvid.avi,violence
fi330_xvid.avi,violence
fi331_xvid.avi,violence
fi332_xvid.avi,violence
fi333_xvid.avi,violence
fi334_xvid.avi,violence
fi335_xvid.avi,violence
fi336_xvid.avi,violence
fi337_xvid.avi,violence
fi338_xvid.avi,violence
fi339_xvid.avi,violence
fi340_xvid.avi,violence
fi341_xvid.avi,violence
fi342_xvid.avi,violence
fi343_xvid.avi,violence
fi344_xvid.avi,violence
fi345_xvid.avi,violence
fi346_xvid.avi,violence
fi347_xvid.avi,violence
fi348_xvid.avi,violence
fi349_xvid.avi,violence
fi350_xvid.avi,violence
fi351_xvid.avi,violence
fi352_xvid.avi,violence
fi353_xvid.avi,violence
fi354_xvid.avi,violence
fi355_xvid.avi,violence
fi356_xvid.avi,violence
fi357_xvid.avi,violence
fi358_xvid.avi,violence
fi359_xvid.avi,violence
fi360_xvid.avi,violence
fi361_xvid.avi,violence
fi362_xvid.avi,violence
fi363_xvid.avi,violence
fi364_xvid.avi,violence
fi365_xvid.avi,violence
fi366_xvid.avi,violence
fi367_xvid.avi,violence
fi368_xvid.avi,violence
fi369_xvid.avi,violence
fi370_xvid.avi,violence
fi371_xvid.avi,violence
fi372_xvid.avi,violence
fi373_xvid.avi,violence
fi374_xvid.avi,violence
fi375_xvid.avi,violence
fi376_xvid.avi,violence
fi377_xvid.avi,violence
fi378_xvid.avi,violence
fi379_xvid.avi,violence
fi380_xvid.avi,violence
fi381_xvid.avi,violence
fi382_xvid.avi,violence
fi383_xvid.avi,violence
fi384_xvid.avi,violence
fi385_xvid.avi,violence
fi386_xvid.avi,violence
fi387_xvid.avi,violence
fi388_xvid.avi,violence
fi389_xvid.avi,violence
fi390_xvid.avi,violence
fi391_xvid.avi,violence
fi392_xvid.avi,violence
fi393_xvid.avi,violence
fi394_xvid.avi,violence
fi395_xvid.avi,violence
fi396_xvid.avi,violence
fi397_xvid.avi,violence
fi398_xvid.avi,violence
fi399_xvid.avi,violence
fi400_xvid.avi,violence
fi401_xvid.avi,violence
fi402_xvid.avi,violence
fi403_xvid.avi,violence
fi404_xvid.avi,violence
fi405_xvid.avi,violence
fi406_xvid.avi,violence
fi407_xvid.avi,violence
fi408_xvid.avi,violence
fi409_xvid.avi,violence
fi410_xvid.avi,violence
fi411_xvid.avi,violence
fi412_xvid.avi,violence
fi413_xvid.avi,violence
fi414_xvid.avi,violence
fi415_xvid.avi,violence
fi416_xvid.avi,violence
fi417_xvid.avi,violence
fi418_xvid.avi,violence
fi419_xvid.avi,violence
fi420_xvid.avi,violence
fi421_xvid.avi,violence
fi422_xvid.avi,violence
fi423_xvid.avi,violence
fi424_xvid.avi,violence
fi425_xvid.avi,violence
fi426_xvid.avi,violence
fi427_xvid.avi,violence
fi428_xvid.avi,violence
fi429_xvid.avi,violence
fi430_xvid.avi,violence
fi431_xvid.avi,violence
fi432_xvid.avi,violence
fi433_xvid.avi,violence
fi434_xvid.avi,violence
fi435_xvid.avi,violence
fi436_xvid.avi,violence
fi437_xvid.avi,violence
fi438_xvid.avi,violence
fi439_xvid.avi,violence
fi440_xvid.avi,violence
fi441_xvid.avi,violence
fi442_xvid.avi,violence
fi443_xvid.avi,violence
fi444_xvid.avi,violence
fi445_xvid.avi,violence
fi446_xvid.avi,violence
fi447_xvid.avi,violence
fi448_xvid.avi,violence
fi449_xvid.avi,violence
fi450_xvid.avi,violence
fi451_xvid.avi,violence
fi452_xvid.avi,violence
fi453_xvid.avi,violence
fi454_xvid.avi,violence
fi455_xvid.avi,violence
fi456_xvid.avi,violence
fi457_xvid.avi,violence
fi458_xvid.avi,violence
fi459_xvid.avi,violence
fi460_xvid.avi,violence
fi461_xvid.avi,violence
fi462_xvid.avi,violence
fi463_xvid.avi,violence
fi464_xvid.avi,violence
fi465_xvid.avi,violence
fi466_xvid.avi,violence
fi467_xvid.avi,violence
fi468_xvid.avi,violence
fi469_xvid.avi,violence
fi470_xvid.avi,violence
fi471_xvid.avi,violence
fi472_xvid.avi,violence
fi473_xvid.avi,violence
fi474_xvid.avi,violence
fi475_xvid.avi,violence
fi476_xvid.avi,violence
fi477_xvid.avi,violence
fi478_xvid.avi,violence
fi479_xvid.avi,violence
fi480_xvid.avi,violence
fi481_xvid.avi,violence
fi482_xvid.avi,violence
fi483_xvid.avi,violence
fi484_xvid.avi,violence
fi485_xvid.avi,violence
fi486_xvid.avi,violence
fi487_xvid.avi,violence
fi488_xvid.avi,violence
fi489_xvid.avi,violence
fi490_xvid.avi,violence
fi491_xvid.avi,violence
fi492_xvid.avi,violence
fi493_xvid.avi,violence
fi494_xvid.avi,violence
fi495_xvid.avi,violence
fi496_xvid.avi,violence
fi497_xvid.avi,violence
fi498_xvid.avi,violence
fi499_xvid.avi,violence
fi500_xvid.avi,violence
no101_xvid.avi,noviolence
no102_xvid.avi,noviolence
no103_xvid.avi,noviolence
no104_xvid.avi,noviolence
no105_xvid.avi,noviolence
no106_xvid.avi,noviolence
no107_xvid.avi,noviolence
no108_xvid.avi,noviolence
no109_xvid.avi,noviolence
no110_xvid.avi,noviolence
no111_xvid.avi,noviolence
no112_xvid.avi,noviolence
no113_xvid.avi,noviolence
no114_xvid.avi,noviolence
no115_xvid.avi,noviolence
no116_xvid.avi,noviolence
no117_xvid.avi,noviolence
no118_xvid.avi,noviolence
no119_xvid.avi,noviolence
no120_xvid.avi,noviolence
no121_xvid.avi,noviolence
no122_xvid.avi,noviolence
no123_xvid.avi,noviolence
no124_xvid.avi,noviolence
no125_xvid.avi,noviolence
no126_xvid.avi,noviolence
no127_xvid.avi,noviolence
no128_xvid.avi,noviolence
no129_xvid.avi,noviolence
no130_xvid.avi,noviolence
no131_xvid.avi,noviolence
no132_xvid.avi,noviolence
no133_xvid.avi,noviolence
no134_xvid.avi,noviolence
no135_xvid.avi,noviolence
no136_xvid.avi,noviolence
no137_xvid.avi,noviolence
no138_xvid.avi,noviolence
no139_xvid.avi,noviolence
no140_xvid.avi,noviolence
no141_xvid.avi,noviolence
no142_xvid.avi,noviolence
no143_xvid.avi,noviolence
no144_xvid.avi,noviolence
no145_xvid.avi,noviolence
no146_xvid.avi,noviolence
no147_xvid.avi,noviolence
no148_xvid.avi,noviolence
no149_xvid.avi,noviolence
no150_xvid.avi,noviolence
no151_xvid.avi,noviolence
no152_xvid.avi,noviolence
no153_xvid.avi,noviolence
no154_xvid.avi,noviolence
no155_xvid.avi,noviolence
no156_xvid.avi,noviolence
no157_xvid.avi,noviolence
no158_xvid.avi,noviolence
no159_xvid.avi,noviolence
no160_xvid.avi,noviolence
no161_xvid.avi,noviolence
no162_xvid.avi,noviolence
no163_xvid.avi,noviolence
no164_xvid.avi,noviolence
no165_xvid.avi,noviolence
no166_xvid.avi,noviolence
no167_xvid.avi,noviolence
no168_xvid.avi,noviolence
no169_xvid.avi,noviolence
no170_xvid.avi,noviolence
no171_xvid.avi,noviolence
no172_xvid.avi,noviolence
no173_xvid.avi,noviolence
no174_xvid.avi,noviolence
no175_xvid.avi,noviolence
no176_xvid.avi,noviolence
no177_xvid.avi,noviolence
no178_xvid.avi,noviolence
no179_xvid.avi,noviolence
no180_xvid.avi,noviolence
no181_xvid.avi,noviolence
no182_xvid.avi,noviolence
no183_xvid.avi,noviolence
no184_xvid.avi,noviolence
no185_xvid.avi,noviolence
no186_xvid.avi,noviolence
no187_xvid.avi,noviolence
no188_xvid.avi,noviolence
no189_xvid.avi,noviolence
no190_xvid.avi,noviolence
no191_xvid.avi,noviolence
no192_xvid.avi,noviolence
no193_xvid.avi,noviolence
no194_xvid.avi,noviolence
no195_xvid.avi,noviolence
no196_xvid.avi,noviolence
no197_xvid.avi,noviolence
no198_xvid.avi,noviolence
no199_xvid.avi,noviolence
no200_xvid.avi,noviolence
no201_xvid.avi,noviolence
no202_xvid.avi,noviolence
no203_xvid.avi,noviolence
no204_xvid.avi,noviolence
no205_xvid.avi,noviolence
no206_xvid.avi,noviolence
no207_xvid.avi,noviolence
no208_xvid.avi,noviolence
no209_xvid.avi,noviolence
no210_xvid.avi,noviolence
no211_xvid.avi,noviolence
no212_xvid.avi,noviolence
no213_xvid.avi,noviolence
no214_xvid.avi,noviolence
no215_xvid.avi,noviolence
no216_xvid.avi,noviolence
no217_xvid.avi,noviolence
no218_xvid.avi,noviolence
no219_xvid.avi,noviolence
no220_xvid.avi,noviolence
no221_xvid.avi,noviolence
no222_xvid.avi,noviolence
no223_xvid.avi,noviolence
no224_xvid.avi,noviolence
no225_xvid.avi,noviolence
no226_xvid.avi,noviolence
no227_xvid.avi,noviolence
no228_xvid.avi,noviolence
no229_xvid.avi,noviolence
no230_xvid.avi,noviolence
no231_xvid.avi,noviolence
no232_xvid.avi,noviolence
no233_xvid.avi,noviolence
no234_xvid.avi,noviolence
no235_xvid.avi,noviolence
no236_xvid.avi,noviolence
no237_xvid.avi,noviolence
no238_xvid.avi,noviolence
no239_xvid.avi,noviolence
no240_xvid.avi,noviolence
no241_xvid.avi,noviolence
no242_xvid.avi,noviolence
no243_xvid.avi,noviolence
no244_xvid.avi,noviolence
no245_xvid.avi,noviolence
no246_xvid.avi,noviolence
no247_xvid.avi,noviolence
no248_xvid.avi,noviolence
no249_xvid.avi,noviolence
no250_xvid.avi,noviolence
no251_xvid.avi,noviolence
no252_xvid.avi,noviolence
no253_xvid.avi,noviolence
no254_xvid.avi,noviolence
no255_xvid.avi,noviolence
no256_xvid.avi,noviolence
no257_xvid.avi,noviolence
no258_xvid.avi,noviolence
no259_xvid.avi,noviolence
no260_xvid.avi,noviolence
no261_xvid.avi,noviolence
no262_xvid.avi,noviolence
no263_xvid.avi,noviolence
no264_xvid.avi,noviolence
no265_xvid.avi,noviolence
no266_xvid.avi,noviolence
no267_xvid.avi,noviolence
no268_xvid.avi,noviolence
no269_xvid.avi,noviolence
no270_xvid.avi,noviolence
no271_xvid.avi,noviolence
no272_xvid.avi,noviolence
no273_xvid.avi,noviolence
no274_xvid.avi,noviolence
no275_xvid.avi,noviolence
no276_xvid.avi,noviolence
no277_xvid.avi,noviolence
no278_xvid.avi,noviolence
no279_xvid.avi,noviolence
no280_xvid.avi,noviolence
no281_xvid.avi,noviolence
no282_xvid.avi,noviolence
no283_xvid.avi,noviolence
no284_xvid.avi,noviolence
no285_xvid.avi,noviolence
no286_xvid.avi,noviolence
no287_xvid.avi,noviolence
no288_xvid.avi,noviolence
no289_xvid.avi,noviolence
no290_xvid.avi,noviolence
no291_xvid.avi,noviolence
no292_xvid.avi,noviolence
no293_xvid.avi,noviolence
no294_xvid.avi,noviolence
no295_xvid.avi,noviolence
no296_xvid.avi,noviolence
no297_xvid.avi,noviolence
no298_xvid.avi,noviolence
no299_xvid.avi,noviolence
no300_xvid.avi,noviolence
no301_xvid.avi,noviolence
no302_xvid.avi,noviolence
no303_xvid.avi,noviolence
no304_xvid.avi,noviolence
no305_xvid.avi,noviolence
no306_xvid.avi,noviolence
no307_xvid.avi,noviolence
no308_xvid.avi,noviolence
no309_xvid.avi,noviolence
no310_xvid.avi,noviolence
no311_xvid.avi,noviolence
no312_xvid.avi,noviolence
no313_xvid.avi,noviolence
no314_xvid.avi,noviolence
no315_xvid.avi,noviolence
no316_xvid.avi,noviolence
no317_xvid.avi,noviolence
no318_xvid.avi,noviolence
no319_xvid.avi,noviolence
no320_xvid.avi,noviolence
no321_xvid.avi,noviolence
no322_xvid.avi,noviolence
no323_xvid.avi,noviolence
no324_xvid.avi,noviolence
no325_xvid.avi,noviolence
no326_xvid.avi,noviolence
no327_xvid.avi,noviolence
no328_xvid.avi,noviolence
no329_xvid.avi,noviolence
no330_xvid.avi,noviolence
no331_xvid.avi,noviolence
no332_xvid.avi,noviolence
no333_xvid.avi,noviolence
no334_xvid.avi,noviolence
no335_xvid.avi,noviolence
no336_xvid.avi,noviolence
no337_xvid.avi,noviolence
no338_xvid.avi,noviolence
no339_xvid.avi,noviolence
no340_xvid.avi,noviolence
no341_xvid.avi,noviolence
no342_xvid.avi,noviolence
no343_xvid.avi,noviolence
no344_xvid.avi,noviolence
no345_xvid.avi,noviolence
no346_xvid.avi,noviolence
no347_xvid.avi,noviolence
no348_xvid.avi,noviolence
no349_xvid.avi,noviolence
no350_xvid.avi,noviolence
no351_xvid.avi,noviolence
no352_xvid.avi,noviolence
no353_xvid.avi,noviolence
no354_xvid.avi,noviolence
no355_xvid.avi,noviolence
no356_xvid.avi,noviolence
no357_xvid.avi,noviolence
no358_xvid.avi,noviolence
no359_xvid.avi,noviolence
no360_xvid.avi,noviolence
no361_xvid.avi,noviolence
no362_xvid.avi,noviolence
no363_xvid.avi,noviolence
no364_xvid.avi,noviolence
no365_xvid.avi,noviolence
no366_xvid.avi,noviolence
no367_xvid.avi,noviolence
no368_xvid.avi,noviolence
no369_xvid.avi,noviolence
no370_xvid.avi,noviolence
no371_xvid.avi,noviolence
no372_xvid.avi,noviolence
no373_xvid.avi,noviolence
no374_xvid.avi,noviolence
no375_xvid.avi,noviolence
no376_xvid.avi,noviolence
no377_xvid.avi,noviolence
no378_xvid.avi,noviolence
no379_xvid.avi,noviolence
no380_xvid.avi,noviolence
no381_xvid.avi,noviolence
no382_xvid.avi,noviolence
no383_xvid.avi,noviolence
no384_xvid.avi,noviolence
no385_xvid.avi,noviolence
no386_xvid.avi,noviolence
no387_xvid.avi,noviolence
no388_xvid.avi,noviolence
no389_xvid.avi,noviolence
no390_xvid.avi,noviolence
no391_xvid.avi,noviolence
no392_xvid.avi,noviolence
no393_xvid.avi,noviolence
no394_xvid.avi,noviolence
no395_xvid.avi,noviolence
no396_xvid.avi,noviolence
no397_xvid.avi,noviolence
no398_xvid.avi,noviolence
no399_xvid.avi,noviolence
no400_xvid.avi,noviolence
no401_xvid.avi,noviolence
no402_xvid.avi,noviolence
no403_xvid.avi,noviolence
no404_xvid.avi,noviolence
no405_xvid.avi,noviolence
no406_xvid.avi,noviolence
no407_xvid.avi,noviolence
no408_xvid.avi,noviolence
no409_xvid.avi,noviolence
no410_xvid.avi,noviolence
no411_xvid.avi,noviolence
no412_xvid.avi,noviolence
no413_xvid.avi,noviolence
no414_xvid.avi,noviolence
no415_xvid.avi,noviolence
no416_xvid.avi,noviolence
no417_xvid.avi,noviolence
no418_xvid.avi,noviolence
no419_xvid.avi,noviolence
no420_xvid.avi,noviolence
no421_xvid.avi,noviolence
no422_xvid.avi,noviolence
no423_xvid.avi,noviolence
no424_xvid.avi,noviolence
no425_xvid.avi,noviolence
no426_xvid.avi,noviolence
no427_xvid.avi,noviolence
no428_xvid.avi,noviolence
no429_xvid.avi,noviolence
no430_xvid.avi,noviolence
no431_xvid.avi,noviolence
no432_xvid.avi,noviolence
no433_xvid.avi,noviolence
no434_xvid.avi,noviolence
no435_xvid.avi,noviolence
no436_xvid.avi,noviolence
no437_xvid.avi,noviolence
no438_xvid.avi,noviolence
no439_xvid.avi,noviolence
no440_xvid.avi,noviolence
no441_xvid.avi,noviolence
no442_xvid.avi,noviolence
no443_xvid.avi,noviolence
no444_xvid.avi,noviolence
no445_xvid.avi,noviolence
no446_xvid.avi,noviolence
no447_xvid.avi,noviolence
no448_xvid.avi,noviolence
no449_xvid.avi,noviolence
no450_xvid.avi,noviolence
no451_xvid.avi,noviolence
no452_xvid.avi,noviolence
no453_xvid.avi,noviolence
no454_xvid.avi,noviolence
no455_xvid.avi,noviolence
no456_xvid.avi,noviolence
no457_xvid.avi,noviolence
no458_xvid.avi,noviolence
no459_xvid.avi,noviolence
no460_xvid.avi,noviolence
no461_xvid.avi,noviolence
no462_xvid.avi,noviolence
no463_xvid.avi,noviolence
no464_xvid.avi,noviolence
no465_xvid.avi,noviolence
no466_xvid.avi,noviolence
no467_xvid.avi,noviolence
no468_xvid.avi,noviolence
no469_xvid.avi,noviolence
no470_xvid.avi,noviolence
no471_xvid.avi,noviolence
no472_xvid.avi,noviolence
no473_xvid.avi,noviolence
no474_xvid.avi,noviolence
no475_xvid.avi,noviolence
no476_xvid.avi,noviolence
no477_xvid.avi,noviolence
no478_xvid.avi,noviolence
no479_xvid.avi,noviolence
no480_xvid.avi,noviolence
no481_xvid.avi,noviolence
no482_xvid.avi,noviolence
no483_xvid.avi,noviolence
no484_xvid.avi,noviolence
no485_xvid.avi,noviolence
no486_xvid.avi,noviolence
no487_xvid.avi,noviolence
no488_xvid.avi,noviolence
no489_xvid.avi,noviolence
no490_xvid.avi,noviolence
no491_xvid.avi,noviolence
no492_xvid.avi,noviolence
no493_xvid.avi,noviolence
no494_xvid.avi,noviolence
no495_xvid.avi,noviolence
no496_xvid.avi,noviolence
no497_xvid.avi,noviolence
no498_xvid.avi,noviolence
no499_xvid.avi,noviolence
no500_xvid.avi,noviolence